{
  "project_info": {
    "project_number": "536898070143",
    "firebase_url": "https://pre-operative-risk-default-rtdb.firebaseio.com",
    "project_id": "pre-operative-risk",
    "storage_bucket": "pre-operative-risk.appspot.com"
  },
  "client": [
    {
      "client_info": {
        "mobilesdk_app_id": "1:536898070143:android:6ca3df925c669ef059014a",
        "android_client_info": {
          "package_name": "com.example.pora"
        }
      },
      "oauth_client": [],
      "api_key": [
        {
          "current_key": "AIzaSyACZjVNGxtofhDP7KYAAVNKuXa1lsLG758"
        }
      ],
      "services": {
        "appinvite_service": {
          "other_platform_oauth_client": []
        }
      }
    }
  ],
  "configuration_version": "1"
}